Cristina,Gómez,2005-11-03,Femenino,DAW,cristina@email.com,$2y$10$abc123hashHTML,CSS,JavaScript,Me encanta el diseño web y los colores psicodélicos.
Luis,Pérez,1990-06-15,Masculino,DAM,luisp90@gmail.com,$2y$10$xyz456hashCSS,JavaScript,Estoy interesado en desarrollo backend.
Ana,Ruiz,2003-02-20,Femenino,ASIR,ana.ruiz@correo.com,$2y$10$def789hashHTML,Quiero aprender sobre ciberseguridad.
paco,lopez,2006-02-12,femenino,paratodo2747@gmail.es,Hola1234,2,,buenas
ale,"moreno mesa",2006-04-12,masculino,53cris2747@gmail.com,Hola1234,DAM,
juan,rico,2001-06-15,masculino,53cristina2747@gmail.com,Hola1234,DAW,,

